{"cameraMode":{"drawMode":0,"name":"Shaded","section":"Shading Mode"},"sceneLighting":true,"audioPlay":false,"sceneViewState":{"m_AlwaysRefresh":false,"showFog":true,"showSkybox":true,"showFlares":true,"showImageEffects":true,"showParticleSystems":true,"showVisualEffectGraphs":true,"m_FxEnabled":true},"in2DMode":false,"pivot":{"x":5.256391525268555,"y":14.65509033203125,"z":-7.193910121917725},"rotation":{"x":0.39892372488975527,"y":-0.1229194700717926,"z":0.054077375680208209,"w":0.9071313142776489},"size":0.5988445281982422,"orthographic":false}